{
  "id": "MAP_BATTLE_FRONTIER_BATTLE_PIKE_THREE_PATH_ROOM",
  "name": "BattleFrontier_BattlePikeThreePathRoom",
  "layout": "LAYOUT_BATTLE_FRONTIER_BATTLE_PIKE_THREE_PATH_ROOM",
  "music": "MUS_B_PIKE",
  "region_map_section": "MAPSEC_BATTLE_FRONTIER",
  "requires_flash": false,
  "weather": "WEATHER_NONE",
  "map_type": "MAP_TYPE_INDOOR",
  "allow_cycling": false,
  "allow_escaping": false,
  "allow_running": true,
  "show_map_name": false,
  "battle_scene": "MAP_BATTLE_SCENE_NORMAL",
  "connections": 0,
  "object_events": [
    {
      "graphics_id": "OBJ_EVENT_GFX_LINK_RECEPTIONIST",
      "x": 4,
      "y": 10,
      "elevation": 3,
      "movement_type": "MOVEMENT_TYPE_FACE_RIGHT",
      "movement_range_x": 0,
      "movement_range_y": 0,
      "trainer_type": "TRAINER_TYPE_NONE",
      "trainer_sight_or_berry_tree_id": "0",
      "script": "BattleFrontier_BattlePikeThreePathRoom_EventScript_Attendant",
      "flag": "0"
    },
    {
      "graphics_id": "OBJ_EVENT_GFX_LINK_RECEPTIONIST",
      "x": 8,
      "y": 5,
      "elevation": 3,
      "movement_type": "MOVEMENT_TYPE_FACE_DOWN",
      "movement_range_x": 0,
      "movement_range_y": 0,
      "trainer_type": "TRAINER_TYPE_NONE",
      "trainer_sight_or_berry_tree_id": "0",
      "script": "BattleFrontier_BattlePikeThreePathRoom_EventScript_HintGiver",
      "flag": "0"
    }
  ],
  "warp_events": [

  ],
  "coord_events": [
    {
      "type": "trigger",
      "x": 2,
      "y": 3,
      "elevation": 3,
      "var": "VAR_TEMP_1",
      "var_value": "0",
      "script": "BattleFrontier_BattlePikeThreePathRoom_EventScript_LeftRoomWarp"
    },
    {
      "type": "trigger",
      "x": 6,
      "y": 3,
      "elevation": 3,
      "var": "VAR_TEMP_1",
      "var_value": "0",
      "script": "BattleFrontier_BattlePikeThreePathRoom_EventScript_CenterRoomWarp"
    },
    {
      "type": "trigger",
      "x": 10,
      "y": 3,
      "elevation": 3,
      "var": "VAR_TEMP_1",
      "var_value": "0",
      "script": "BattleFrontier_BattlePikeThreePathRoom_EventScript_RightRoomWarp"
    },
    {
      "type": "trigger",
      "x": 5,
      "y": 10,
      "elevation": 0,
      "var": "VAR_TEMP_3",
      "var_value": "1",
      "script": "BattleFrontier_BattlePikeThreePathRoom_EventScript_NoTurningBack"
    },
    {
      "type": "trigger",
      "x": 6,
      "y": 10,
      "elevation": 0,
      "var": "VAR_TEMP_3",
      "var_value": "1",
      "script": "BattleFrontier_BattlePikeThreePathRoom_EventScript_NoTurningBack"
    },
    {
      "type": "trigger",
      "x": 6,
      "y": 9,
      "elevation": 3,
      "var": "VAR_TEMP_2",
      "var_value": "0",
      "script": "BattleFrontier_BattlePikeThreePathRoom_EventScript_SetEnteredRoom"
    },
    {
      "type": "trigger",
      "x": 5,
      "y": 9,
      "elevation": 3,
      "var": "VAR_TEMP_2",
      "var_value": "0",
      "script": "BattleFrontier_BattlePikeThreePathRoom_EventScript_SetEnteredRoom"
    },
    {
      "type": "trigger",
      "x": 7,
      "y": 9,
      "elevation": 3,
      "var": "VAR_TEMP_2",
      "var_value": "0",
      "script": "BattleFrontier_BattlePikeThreePathRoom_EventScript_SetEnteredRoom"
    },
    {
      "type": "trigger",
      "x": 7,
      "y": 10,
      "elevation": 0,
      "var": "VAR_TEMP_3",
      "var_value": "1",
      "script": "BattleFrontier_BattlePikeThreePathRoom_EventScript_NoTurningBack"
    }
  ],
  "bg_events": [

  ]
}
