{
  "id": "MAP_LILYCOVE_CITY_CONTEST_HALL",
  "name": "LilycoveCity_ContestHall",
  "layout": "LAYOUT_LILYCOVE_CITY_CONTEST_HALL",
  "music": "MUS_CONTEST_LOBBY",
  "region_map_section": "MAPSEC_LILYCOVE_CITY",
  "requires_flash": false,
  "weather": "WEATHER_NONE",
  "map_type": "MAP_TYPE_INDOOR",
  "allow_cycling": false,
  "allow_escaping": false,
  "allow_running": false,
  "show_map_name": false,
  "battle_scene": "MAP_BATTLE_SCENE_NORMAL",
  "connections": 0,
  "object_events": [
    {
      "graphics_id": "OBJ_EVENT_GFX_BOY_1",
      "x": 30,
      "y": 30,
      "elevation": 3,
      "movement_type": "MOVEMENT_TYPE_WANDER_AROUND",
      "movement_range_x": 4,
      "movement_range_y": 4,
      "trainer_type": "TRAINER_TYPE_NONE",
      "trainer_sight_or_berry_tree_id": "0",
      "script": "LilycoveCity_ContestHall_EventScript_Boy1",
      "flag": "0"
    },
    {
      "graphics_id": "OBJ_EVENT_GFX_BOY_3",
      "x": 11,
      "y": 7,
      "elevation": 3,
      "movement_type": "MOVEMENT_TYPE_WANDER_AROUND",
      "movement_range_x": 3,
      "movement_range_y": 3,
      "trainer_type": "TRAINER_TYPE_NONE",
      "trainer_sight_or_berry_tree_id": "0",
      "script": "LilycoveCity_ContestHall_EventScript_Boy2",
      "flag": "0"
    },
    {
      "graphics_id": "OBJ_EVENT_GFX_GIRL_3",
      "x": 40,
      "y": 8,
      "elevation": 3,
      "movement_type": "MOVEMENT_TYPE_WANDER_AROUND",
      "movement_range_x": 2,
      "movement_range_y": 2,
      "trainer_type": "TRAINER_TYPE_NONE",
      "trainer_sight_or_berry_tree_id": "0",
      "script": "LilycoveCity_ContestHall_EventScript_Girl",
      "flag": "0"
    },
    {
      "graphics_id": "OBJ_EVENT_GFX_WOMAN_3",
      "x": 12,
      "y": 22,
      "elevation": 3,
      "movement_type": "MOVEMENT_TYPE_FACE_DOWN",
      "movement_range_x": 0,
      "movement_range_y": 0,
      "trainer_type": "TRAINER_TYPE_NONE",
      "trainer_sight_or_berry_tree_id": "0",
      "script": "LilycoveCity_ContestHall_EventScript_SmartContestMC",
      "flag": "0"
    },
    {
      "graphics_id": "OBJ_EVENT_GFX_CONTEST_JUDGE",
      "x": 15,
      "y": 22,
      "elevation": 3,
      "movement_type": "MOVEMENT_TYPE_FACE_DOWN",
      "movement_range_x": 0,
      "movement_range_y": 0,
      "trainer_type": "TRAINER_TYPE_NONE",
      "trainer_sight_or_berry_tree_id": "0",
      "script": "LilycoveCity_ContestHall_EventScript_SmartContestJudge",
      "flag": "0"
    },
    {
      "graphics_id": "OBJ_EVENT_GFX_BLACK_BELT",
      "x": 10,
      "y": 25,
      "elevation": 3,
      "movement_type": "MOVEMENT_TYPE_FACE_UP",
      "movement_range_x": 0,
      "movement_range_y": 0,
      "trainer_type": "TRAINER_TYPE_NONE",
      "trainer_sight_or_berry_tree_id": "0",
      "script": "LilycoveCity_ContestHall_EventScript_SmartContestant1",
      "flag": "0"
    },
    {
      "graphics_id": "OBJ_EVENT_GFX_EXPERT_M",
      "x": 12,
      "y": 25,
      "elevation": 3,
      "movement_type": "MOVEMENT_TYPE_FACE_UP",
      "movement_range_x": 0,
      "movement_range_y": 0,
      "trainer_type": "TRAINER_TYPE_NONE",
      "trainer_sight_or_berry_tree_id": "0",
      "script": "LilycoveCity_ContestHall_EventScript_SmartContestant2",
      "flag": "0"
    },
    {
      "graphics_id": "OBJ_EVENT_GFX_MANIAC",
      "x": 14,
      "y": 25,
      "elevation": 3,
      "movement_type": "MOVEMENT_TYPE_FACE_UP",
      "movement_range_x": 0,
      "movement_range_y": 0,
      "trainer_type": "TRAINER_TYPE_NONE",
      "trainer_sight_or_berry_tree_id": "0",
      "script": "LilycoveCity_ContestHall_EventScript_SmartContestant3",
      "flag": "0"
    },
    {
      "graphics_id": "OBJ_EVENT_GFX_LINK_RECEPTIONIST",
      "x": 16,
      "y": 25,
      "elevation": 3,
      "movement_type": "MOVEMENT_TYPE_FACE_UP",
      "movement_range_x": 0,
      "movement_range_y": 0,
      "trainer_type": "TRAINER_TYPE_NONE",
      "trainer_sight_or_berry_tree_id": "0",
      "script": "LilycoveCity_ContestHall_EventScript_SmartContestant4",
      "flag": "0"
    },
    {
      "graphics_id": "OBJ_EVENT_GFX_EXPERT_F",
      "x": 8,
      "y": 24,
      "elevation": 3,
      "movement_type": "MOVEMENT_TYPE_FACE_RIGHT",
      "movement_range_x": 0,
      "movement_range_y": 0,
      "trainer_type": "TRAINER_TYPE_NONE",
      "trainer_sight_or_berry_tree_id": "0",
      "script": "LilycoveCity_ContestHall_EventScript_SmartContestAudience1",
      "flag": "0"
    },
    {
      "graphics_id": "OBJ_EVENT_GFX_WOMAN_5",
      "x": 18,
      "y": 24,
      "elevation": 3,
      "movement_type": "MOVEMENT_TYPE_FACE_LEFT",
      "movement_range_x": 0,
      "movement_range_y": 0,
      "trainer_type": "TRAINER_TYPE_NONE",
      "trainer_sight_or_berry_tree_id": "0",
      "script": "LilycoveCity_ContestHall_EventScript_SmartContestAudience4",
      "flag": "0"
    },
    {
      "graphics_id": "OBJ_EVENT_GFX_BOY_1",
      "x": 8,
      "y": 22,
      "elevation": 3,
      "movement_type": "MOVEMENT_TYPE_FACE_RIGHT",
      "movement_range_x": 0,
      "movement_range_y": 0,
      "trainer_type": "TRAINER_TYPE_NONE",
      "trainer_sight_or_berry_tree_id": "0",
      "script": "LilycoveCity_ContestHall_EventScript_SmartContestAudience2",
      "flag": "0"
    },
    {
      "graphics_id": "OBJ_EVENT_GFX_WOMAN_3",
      "x": 24,
      "y": 10,
      "elevation": 3,
      "movement_type": "MOVEMENT_TYPE_FACE_DOWN",
      "movement_range_x": 0,
      "movement_range_y": 0,
      "trainer_type": "TRAINER_TYPE_NONE",
      "trainer_sight_or_berry_tree_id": "0",
      "script": "LilycoveCity_ContestHall_EventScript_BeautyContestMC",
      "flag": "0"
    },
    {
      "graphics_id": "OBJ_EVENT_GFX_CONTEST_JUDGE",
      "x": 27,
      "y": 10,
      "elevation": 3,
      "movement_type": "MOVEMENT_TYPE_FACE_DOWN",
      "movement_range_x": 0,
      "movement_range_y": 0,
      "trainer_type": "TRAINER_TYPE_NONE",
      "trainer_sight_or_berry_tree_id": "0",
      "script": "LilycoveCity_ContestHall_EventScript_BeautyContestJudge",
      "flag": "0"
    },
    {
      "graphics_id": "OBJ_EVENT_GFX_WOMAN_4",
      "x": 22,
      "y": 13,
      "elevation": 3,
      "movement_type": "MOVEMENT_TYPE_FACE_UP",
      "movement_range_x": 0,
      "movement_range_y": 0,
      "trainer_type": "TRAINER_TYPE_NONE",
      "trainer_sight_or_berry_tree_id": "0",
      "script": "LilycoveCity_ContestHall_EventScript_BeautyContestant1",
      "flag": "0"
    },
    {
      "graphics_id": "OBJ_EVENT_GFX_TWIN",
      "x": 24,
      "y": 13,
      "elevation": 3,
      "movement_type": "MOVEMENT_TYPE_FACE_UP",
      "movement_range_x": 0,
      "movement_range_y": 0,
      "trainer_type": "TRAINER_TYPE_NONE",
      "trainer_sight_or_berry_tree_id": "0",
      "script": "LilycoveCity_ContestHall_EventScript_BeautyContestant2",
      "flag": "0"
    },
    {
      "graphics_id": "OBJ_EVENT_GFX_PSYCHIC_M",
      "x": 26,
      "y": 13,
      "elevation": 3,
      "movement_type": "MOVEMENT_TYPE_FACE_UP",
      "movement_range_x": 0,
      "movement_range_y": 0,
      "trainer_type": "TRAINER_TYPE_NONE",
      "trainer_sight_or_berry_tree_id": "0",
      "script": "LilycoveCity_ContestHall_EventScript_BeautyContestant3",
      "flag": "0"
    },
    {
      "graphics_id": "OBJ_EVENT_GFX_POKEFAN_F",
      "x": 28,
      "y": 13,
      "elevation": 3,
      "movement_type": "MOVEMENT_TYPE_FACE_UP",
      "movement_range_x": 0,
      "movement_range_y": 0,
      "trainer_type": "TRAINER_TYPE_NONE",
      "trainer_sight_or_berry_tree_id": "0",
      "script": "LilycoveCity_ContestHall_EventScript_BeautyContestant4",
      "flag": "0"
    },
    {
      "graphics_id": "OBJ_EVENT_GFX_WOMAN_2",
      "x": 20,
      "y": 10,
      "elevation": 3,
      "movement_type": "MOVEMENT_TYPE_FACE_RIGHT",
      "movement_range_x": 0,
      "movement_range_y": 0,
      "trainer_type": "TRAINER_TYPE_NONE",
      "trainer_sight_or_berry_tree_id": "0",
      "script": "LilycoveCity_ContestHall_EventScript_BeautyContestAudience1",
      "flag": "0"
    },
    {
      "graphics_id": "OBJ_EVENT_GFX_WOMAN_1",
      "x": 30,
      "y": 11,
      "elevation": 3,
      "movement_type": "MOVEMENT_TYPE_FACE_LEFT",
      "movement_range_x": 0,
      "movement_range_y": 0,
      "trainer_type": "TRAINER_TYPE_NONE",
      "trainer_sight_or_berry_tree_id": "0",
      "script": "LilycoveCity_ContestHall_EventScript_BeautyContestAudience3",
      "flag": "0"
    },
    {
      "graphics_id": "OBJ_EVENT_GFX_MAN_1",
      "x": 26,
      "y": 8,
      "elevation": 3,
      "movement_type": "MOVEMENT_TYPE_FACE_DOWN",
      "movement_range_x": 0,
      "movement_range_y": 0,
      "trainer_type": "TRAINER_TYPE_NONE",
      "trainer_sight_or_berry_tree_id": "0",
      "script": "LilycoveCity_ContestHall_EventScript_BeautyContestAudience2",
      "flag": "0"
    },
    {
      "graphics_id": "OBJ_EVENT_GFX_CAMPER",
      "x": 13,
      "y": 20,
      "elevation": 3,
      "movement_type": "MOVEMENT_TYPE_FACE_DOWN",
      "movement_range_x": 0,
      "movement_range_y": 0,
      "trainer_type": "TRAINER_TYPE_NONE",
      "trainer_sight_or_berry_tree_id": "0",
      "script": "LilycoveCity_ContestHall_EventScript_SmartContestAudience3",
      "flag": "0"
    },
    {
      "graphics_id": "OBJ_EVENT_GFX_WOMAN_3",
      "x": 36,
      "y": 22,
      "elevation": 3,
      "movement_type": "MOVEMENT_TYPE_FACE_DOWN",
      "movement_range_x": 0,
      "movement_range_y": 0,
      "trainer_type": "TRAINER_TYPE_NONE",
      "trainer_sight_or_berry_tree_id": "0",
      "script": "LilycoveCity_ContestHall_EventScript_CuteContestMC",
      "flag": "0"
    },
    {
      "graphics_id": "OBJ_EVENT_GFX_CONTEST_JUDGE",
      "x": 39,
      "y": 22,
      "elevation": 3,
      "movement_type": "MOVEMENT_TYPE_FACE_DOWN",
      "movement_range_x": 0,
      "movement_range_y": 0,
      "trainer_type": "TRAINER_TYPE_NONE",
      "trainer_sight_or_berry_tree_id": "0",
      "script": "LilycoveCity_ContestHall_EventScript_CuteContestJudge",
      "flag": "0"
    },
    {
      "graphics_id": "OBJ_EVENT_GFX_BOY_2",
      "x": 34,
      "y": 25,
      "elevation": 3,
      "movement_type": "MOVEMENT_TYPE_FACE_UP",
      "movement_range_x": 0,
      "movement_range_y": 0,
      "trainer_type": "TRAINER_TYPE_NONE",
      "trainer_sight_or_berry_tree_id": "0",
      "script": "LilycoveCity_ContestHall_EventScript_CuteContestant1",
      "flag": "0"
    },
    {
      "graphics_id": "OBJ_EVENT_GFX_GIRL_2",
      "x": 36,
      "y": 25,
      "elevation": 3,
      "movement_type": "MOVEMENT_TYPE_FACE_UP",
      "movement_range_x": 0,
      "movement_range_y": 0,
      "trainer_type": "TRAINER_TYPE_NONE",
      "trainer_sight_or_berry_tree_id": "0",
      "script": "LilycoveCity_ContestHall_EventScript_CuteContestant2",
      "flag": "0"
    },
    {
      "graphics_id": "OBJ_EVENT_GFX_BOY_3",
      "x": 38,
      "y": 25,
      "elevation": 3,
      "movement_type": "MOVEMENT_TYPE_FACE_UP",
      "movement_range_x": 0,
      "movement_range_y": 0,
      "trainer_type": "TRAINER_TYPE_NONE",
      "trainer_sight_or_berry_tree_id": "0",
      "script": "LilycoveCity_ContestHall_EventScript_CuteContestant3",
      "flag": "0"
    },
    {
      "graphics_id": "OBJ_EVENT_GFX_EXPERT_F",
      "x": 40,
      "y": 25,
      "elevation": 3,
      "movement_type": "MOVEMENT_TYPE_FACE_UP",
      "movement_range_x": 0,
      "movement_range_y": 0,
      "trainer_type": "TRAINER_TYPE_NONE",
      "trainer_sight_or_berry_tree_id": "0",
      "script": "LilycoveCity_ContestHall_EventScript_CuteContestant4",
      "flag": "0"
    },
    {
      "graphics_id": "OBJ_EVENT_GFX_WOMAN_2",
      "x": 32,
      "y": 23,
      "elevation": 3,
      "movement_type": "MOVEMENT_TYPE_FACE_RIGHT",
      "movement_range_x": 0,
      "movement_range_y": 0,
      "trainer_type": "TRAINER_TYPE_NONE",
      "trainer_sight_or_berry_tree_id": "0",
      "script": "LilycoveCity_ContestHall_EventScript_CuteContestAudience1",
      "flag": "0"
    },
    {
      "graphics_id": "OBJ_EVENT_GFX_MAN_1",
      "x": 37,
      "y": 20,
      "elevation": 3,
      "movement_type": "MOVEMENT_TYPE_FACE_DOWN",
      "movement_range_x": 0,
      "movement_range_y": 0,
      "trainer_type": "TRAINER_TYPE_NONE",
      "trainer_sight_or_berry_tree_id": "0",
      "script": "LilycoveCity_ContestHall_EventScript_CuteContestAudience3",
      "flag": "0"
    },
    {
      "graphics_id": "OBJ_EVENT_GFX_LITTLE_GIRL",
      "x": 42,
      "y": 24,
      "elevation": 3,
      "movement_type": "MOVEMENT_TYPE_FACE_LEFT",
      "movement_range_x": 0,
      "movement_range_y": 0,
      "trainer_type": "TRAINER_TYPE_NONE",
      "trainer_sight_or_berry_tree_id": "0",
      "script": "LilycoveCity_ContestHall_EventScript_CuteContestAudience2",
      "flag": "0"
    },
    {
      "graphics_id": "OBJ_EVENT_GFX_SAILOR",
      "x": 23,
      "y": 26,
      "elevation": 3,
      "movement_type": "MOVEMENT_TYPE_WANDER_AROUND",
      "movement_range_x": 1,
      "movement_range_y": 1,
      "trainer_type": "TRAINER_TYPE_NONE",
      "trainer_sight_or_berry_tree_id": "0",
      "script": "LilycoveCity_ContestHall_EventScript_Sailor",
      "flag": "0"
    }
  ],
  "warp_events": [
    {
      "x": 19,
      "y": 32,
      "elevation": 0,
      "dest_map": "MAP_LILYCOVE_CITY_CONTEST_LOBBY",
      "dest_warp_id": "2"
    },
    {
      "x": 30,
      "y": 32,
      "elevation": 0,
      "dest_map": "MAP_LILYCOVE_CITY_CONTEST_LOBBY",
      "dest_warp_id": "3"
    },
    {
      "x": 20,
      "y": 32,
      "elevation": 0,
      "dest_map": "MAP_LILYCOVE_CITY_CONTEST_LOBBY",
      "dest_warp_id": "2"
    },
    {
      "x": 31,
      "y": 32,
      "elevation": 0,
      "dest_map": "MAP_LILYCOVE_CITY_CONTEST_LOBBY",
      "dest_warp_id": "3"
    }
  ],
  "coord_events": [

  ],
  "bg_events": [
    {
      "type": "sign",
      "x": 27,
      "y": 16,
      "elevation": 0,
      "player_facing_dir": "BG_EVENT_PLAYER_FACING_ANY",
      "script": "LilycoveCity_ContestHall_EventScript_BeautyStageSign"
    },
    {
      "type": "sign",
      "x": 39,
      "y": 28,
      "elevation": 0,
      "player_facing_dir": "BG_EVENT_PLAYER_FACING_ANY",
      "script": "LilycoveCity_ContestHall_EventScript_CuteStageSign"
    },
    {
      "type": "sign",
      "x": 11,
      "y": 28,
      "elevation": 0,
      "player_facing_dir": "BG_EVENT_PLAYER_FACING_ANY",
      "script": "LilycoveCity_ContestHall_EventScript_SmartStageSign"
    },
    {
      "type": "sign",
      "x": 15,
      "y": 28,
      "elevation": 0,
      "player_facing_dir": "BG_EVENT_PLAYER_FACING_ANY",
      "script": "LilycoveCity_ContestHall_EventScript_SmartStageSign"
    },
    {
      "type": "sign",
      "x": 23,
      "y": 16,
      "elevation": 0,
      "player_facing_dir": "BG_EVENT_PLAYER_FACING_ANY",
      "script": "LilycoveCity_ContestHall_EventScript_BeautyStageSign"
    },
    {
      "type": "sign",
      "x": 35,
      "y": 28,
      "elevation": 0,
      "player_facing_dir": "BG_EVENT_PLAYER_FACING_ANY",
      "script": "LilycoveCity_ContestHall_EventScript_CuteStageSign"
    }
  ]
}
