{
  "id": "MAP_SEAFLOOR_CAVERN_ROOM8",
  "name": "SeafloorCavern_Room8",
  "layout": "LAYOUT_SEAFLOOR_CAVERN_ROOM8",
  "music": "MUS_MT_CHIMNEY",
  "region_map_section": "MAPSEC_SEAFLOOR_CAVERN",
  "requires_flash": false,
  "weather": "WEATHER_NONE",
  "map_type": "MAP_TYPE_UNDERGROUND",
  "allow_cycling": true,
  "allow_escaping": true,
  "allow_running": true,
  "show_map_name": true,
  "battle_scene": "MAP_BATTLE_SCENE_NORMAL",
  "connections": 0,
  "object_events": [
    {
      "graphics_id": "OBJ_EVENT_GFX_PUSHABLE_BOULDER",
      "x": 4,
      "y": 7,
      "elevation": 3,
      "movement_type": "MOVEMENT_TYPE_LOOK_AROUND",
      "movement_range_x": 0,
      "movement_range_y": 0,
      "trainer_type": "TRAINER_TYPE_NONE",
      "trainer_sight_or_berry_tree_id": "0",
      "script": "EventScript_StrengthBoulder",
      "flag": "FLAG_TEMP_11"
    },
    {
      "graphics_id": "OBJ_EVENT_GFX_PUSHABLE_BOULDER",
      "x": 5,
      "y": 7,
      "elevation": 3,
      "movement_type": "MOVEMENT_TYPE_LOOK_AROUND",
      "movement_range_x": 0,
      "movement_range_y": 0,
      "trainer_type": "TRAINER_TYPE_NONE",
      "trainer_sight_or_berry_tree_id": "0",
      "script": "EventScript_StrengthBoulder",
      "flag": "FLAG_TEMP_12"
    },
    {
      "graphics_id": "OBJ_EVENT_GFX_PUSHABLE_BOULDER",
      "x": 6,
      "y": 7,
      "elevation": 3,
      "movement_type": "MOVEMENT_TYPE_LOOK_AROUND",
      "movement_range_x": 0,
      "movement_range_y": 0,
      "trainer_type": "TRAINER_TYPE_NONE",
      "trainer_sight_or_berry_tree_id": "0",
      "script": "EventScript_StrengthBoulder",
      "flag": "FLAG_TEMP_13"
    },
    {
      "graphics_id": "OBJ_EVENT_GFX_PUSHABLE_BOULDER",
      "x": 3,
      "y": 6,
      "elevation": 3,
      "movement_type": "MOVEMENT_TYPE_LOOK_AROUND",
      "movement_range_x": 0,
      "movement_range_y": 0,
      "trainer_type": "TRAINER_TYPE_NONE",
      "trainer_sight_or_berry_tree_id": "0",
      "script": "EventScript_StrengthBoulder",
      "flag": "FLAG_TEMP_14"
    },
    {
      "graphics_id": "OBJ_EVENT_GFX_PUSHABLE_BOULDER",
      "x": 7,
      "y": 6,
      "elevation": 3,
      "movement_type": "MOVEMENT_TYPE_LOOK_AROUND",
      "movement_range_x": 0,
      "movement_range_y": 0,
      "trainer_type": "TRAINER_TYPE_NONE",
      "trainer_sight_or_berry_tree_id": "0",
      "script": "EventScript_StrengthBoulder",
      "flag": "FLAG_TEMP_15"
    },
    {
      "graphics_id": "OBJ_EVENT_GFX_PUSHABLE_BOULDER",
      "x": 4,
      "y": 5,
      "elevation": 3,
      "movement_type": "MOVEMENT_TYPE_LOOK_AROUND",
      "movement_range_x": 0,
      "movement_range_y": 0,
      "trainer_type": "TRAINER_TYPE_NONE",
      "trainer_sight_or_berry_tree_id": "0",
      "script": "EventScript_StrengthBoulder",
      "flag": "FLAG_TEMP_16"
    },
    {
      "graphics_id": "OBJ_EVENT_GFX_PUSHABLE_BOULDER",
      "x": 5,
      "y": 5,
      "elevation": 3,
      "movement_type": "MOVEMENT_TYPE_LOOK_AROUND",
      "movement_range_x": 0,
      "movement_range_y": 0,
      "trainer_type": "TRAINER_TYPE_NONE",
      "trainer_sight_or_berry_tree_id": "0",
      "script": "EventScript_StrengthBoulder",
      "flag": "FLAG_TEMP_17"
    },
    {
      "graphics_id": "OBJ_EVENT_GFX_PUSHABLE_BOULDER",
      "x": 6,
      "y": 5,
      "elevation": 3,
      "movement_type": "MOVEMENT_TYPE_LOOK_AROUND",
      "movement_range_x": 0,
      "movement_range_y": 0,
      "trainer_type": "TRAINER_TYPE_NONE",
      "trainer_sight_or_berry_tree_id": "0",
      "script": "EventScript_StrengthBoulder",
      "flag": "FLAG_TEMP_18"
    },
    {
      "graphics_id": "OBJ_EVENT_GFX_PUSHABLE_BOULDER",
      "x": 3,
      "y": 4,
      "elevation": 3,
      "movement_type": "MOVEMENT_TYPE_LOOK_AROUND",
      "movement_range_x": 0,
      "movement_range_y": 0,
      "trainer_type": "TRAINER_TYPE_NONE",
      "trainer_sight_or_berry_tree_id": "0",
      "script": "EventScript_StrengthBoulder",
      "flag": "FLAG_TEMP_19"
    },
    {
      "graphics_id": "OBJ_EVENT_GFX_PUSHABLE_BOULDER",
      "x": 4,
      "y": 4,
      "elevation": 3,
      "movement_type": "MOVEMENT_TYPE_LOOK_AROUND",
      "movement_range_x": 0,
      "movement_range_y": 0,
      "trainer_type": "TRAINER_TYPE_NONE",
      "trainer_sight_or_berry_tree_id": "0",
      "script": "EventScript_StrengthBoulder",
      "flag": "FLAG_TEMP_1A"
    },
    {
      "graphics_id": "OBJ_EVENT_GFX_PUSHABLE_BOULDER",
      "x": 6,
      "y": 4,
      "elevation": 3,
      "movement_type": "MOVEMENT_TYPE_LOOK_AROUND",
      "movement_range_x": 0,
      "movement_range_y": 0,
      "trainer_type": "TRAINER_TYPE_NONE",
      "trainer_sight_or_berry_tree_id": "0",
      "script": "EventScript_StrengthBoulder",
      "flag": "FLAG_TEMP_1B"
    },
    {
      "graphics_id": "OBJ_EVENT_GFX_PUSHABLE_BOULDER",
      "x": 7,
      "y": 4,
      "elevation": 3,
      "movement_type": "MOVEMENT_TYPE_LOOK_AROUND",
      "movement_range_x": 0,
      "movement_range_y": 0,
      "trainer_type": "TRAINER_TYPE_NONE",
      "trainer_sight_or_berry_tree_id": "0",
      "script": "EventScript_StrengthBoulder",
      "flag": "FLAG_TEMP_1C"
    }
  ],
  "warp_events": [
    {
      "x": 5,
      "y": 2,
      "elevation": 3,
      "dest_map": "MAP_SEAFLOOR_CAVERN_ROOM9",
      "dest_warp_id": "0"
    },
    {
      "x": 5,
      "y": 12,
      "elevation": 3,
      "dest_map": "MAP_SEAFLOOR_CAVERN_ROOM3",
      "dest_warp_id": "0"
    }
  ],
  "coord_events": [

  ],
  "bg_events": [

  ]
}
