{
  "id": "MAP_BATTLE_FRONTIER_BATTLE_PALACE_CORRIDOR",
  "name": "BattleFrontier_BattlePalaceCorridor",
  "layout": "LAYOUT_BATTLE_FRONTIER_BATTLE_PALACE_CORRIDOR",
  "music": "MUS_B_PALACE",
  "region_map_section": "MAPSEC_BATTLE_FRONTIER",
  "requires_flash": false,
  "weather": "WEATHER_NONE",
  "map_type": "MAP_TYPE_INDOOR",
  "allow_cycling": false,
  "allow_escaping": false,
  "allow_running": false,
  "show_map_name": false,
  "battle_scene": "MAP_BATTLE_SCENE_NORMAL",
  "connections": 0,
  "object_events": [
    {
      "graphics_id": "OBJ_EVENT_GFX_EXPERT_M",
      "x": 8,
      "y": 12,
      "elevation": 3,
      "movement_type": "MOVEMENT_TYPE_FACE_UP",
      "movement_range_x": 1,
      "movement_range_y": 1,
      "trainer_type": "TRAINER_TYPE_NONE",
      "trainer_sight_or_berry_tree_id": "0",
      "script": "0x0",
      "flag": "0"
    },
    {
      "graphics_id": "OBJ_EVENT_GFX_MON_BASE+SPECIES_AZURILL",
      "x": 3,
      "y": 5,
      "elevation": 0,
      "movement_type": "MOVEMENT_TYPE_WANDER_AROUND",
      "movement_range_x": 1,
      "movement_range_y": 0,
      "trainer_type": "TRAINER_TYPE_NONE",
      "trainer_sight_or_berry_tree_id": "0",
      "script": "0x0",
      "flag": "0"
    },
    {
      "graphics_id": "OBJ_EVENT_GFX_MON_BASE+SPECIES_KIRLIA",
      "x": 12,
      "y": 6,
      "elevation": 0,
      "movement_type": "MOVEMENT_TYPE_FACE_LEFT_AND_RIGHT",
      "movement_range_x": 0,
      "movement_range_y": 2,
      "trainer_type": "TRAINER_TYPE_NONE",
      "trainer_sight_or_berry_tree_id": "0",
      "script": "0x0",
      "flag": "0"
    },
    {
      "graphics_id": "OBJ_EVENT_GFX_MON_BASE+SPECIES_PICHU",
      "x": 15,
      "y": 5,
      "elevation": 0,
      "movement_type": "MOVEMENT_TYPE_LOOK_AROUND",
      "movement_range_x": 1,
      "movement_range_y": 1,
      "trainer_type": "TRAINER_TYPE_NONE",
      "trainer_sight_or_berry_tree_id": "0",
      "script": "0x0",
      "flag": "0"
    },
    {
      "graphics_id": "OBJ_EVENT_GFX_ZIGZAGOON_2",
      "x": 4,
      "y": 9,
      "elevation": 0,
      "movement_type": "MOVEMENT_TYPE_FACE_LEFT_AND_RIGHT",
      "movement_range_x": 0,
      "movement_range_y": 2,
      "trainer_type": "TRAINER_TYPE_NONE",
      "trainer_sight_or_berry_tree_id": "0",
      "script": "0x0",
      "flag": "0"
    },
    {
      "graphics_id": "OBJ_EVENT_GFX_MON_BASE+SPECIES_AZUMARILL",
      "x": 13,
      "y": 9,
      "elevation": 0,
      "movement_type": "MOVEMENT_TYPE_LOOK_AROUND",
      "movement_range_x": 0,
      "movement_range_y": 1,
      "trainer_type": "TRAINER_TYPE_NONE",
      "trainer_sight_or_berry_tree_id": "0",
      "script": "0x0",
      "flag": "0"
    },
    {
      "graphics_id": "OBJ_EVENT_GFX_MON_BASE+SPECIES_MACHOP",
      "x": 3,
      "y": 10,
      "elevation": 0,
      "movement_type": "MOVEMENT_TYPE_WANDER_AROUND",
      "movement_range_x": 1,
      "movement_range_y": 2,
      "trainer_type": "TRAINER_TYPE_NONE",
      "trainer_sight_or_berry_tree_id": "0",
      "script": "0x0",
      "flag": "0"
    }
  ],
  "warp_events": [
    {
      "x": 8,
      "y": 13,
      "elevation": 3,
      "dest_map": "MAP_BATTLE_FRONTIER_BATTLE_PALACE_LOBBY",
      "dest_warp_id": "2"
    },
    {
      "x": 9,
      "y": 13,
      "elevation": 3,
      "dest_map": "MAP_BATTLE_FRONTIER_BATTLE_PALACE_LOBBY",
      "dest_warp_id": "2"
    },
    {
      "x": 6,
      "y": 3,
      "elevation": 3,
      "dest_map": "MAP_BATTLE_FRONTIER_BATTLE_PALACE_BATTLE_ROOM",
      "dest_warp_id": "0"
    },
    {
      "x": 10,
      "y": 3,
      "elevation": 3,
      "dest_map": "MAP_BATTLE_FRONTIER_BATTLE_PALACE_BATTLE_ROOM",
      "dest_warp_id": "0"
    }
  ],
  "coord_events": [

  ],
  "bg_events": [

  ]
}
