{
  "id": "MAP_ROUTE104_MR_BRINEYS_HOUSE",
  "name": "Route104_MrBrineysHouse",
  "layout": "LAYOUT_ROUTE104_MR_BRINEYS_HOUSE",
  "music": "MUS_PETALBURG",
  "region_map_section": "MAPSEC_ROUTE_104",
  "requires_flash": false,
  "weather": "WEATHER_NONE",
  "map_type": "MAP_TYPE_INDOOR",
  "allow_cycling": false,
  "allow_escaping": false,
  "allow_running": false,
  "show_map_name": false,
  "battle_scene": "MAP_BATTLE_SCENE_NORMAL",
  "connections": 0,
  "object_events": [
    {
      "graphics_id": "OBJ_EVENT_GFX_EXPERT_M",
      "x": 5,
      "y": 3,
      "elevation": 3,
      "movement_type": "MOVEMENT_TYPE_WALK_SEQUENCE_DOWN_LEFT_UP_RIGHT",
      "movement_range_x": 3,
      "movement_range_y": 3,
      "trainer_type": "TRAINER_TYPE_NONE",
      "trainer_sight_or_berry_tree_id": "0",
      "script": "Route104_MrBrineysHouse_EventScript_Briney",
      "flag": "FLAG_HIDE_BRINEYS_HOUSE_MR_BRINEY"
    },
    {
      "graphics_id": "OBJ_EVENT_GFX_MON_BASE+SPECIES_WINGULL",
      "x": 6,
      "y": 3,
      "elevation": 3,
      "movement_type": "MOVEMENT_TYPE_FACE_DOWN",
      "movement_range_x": 3,
      "movement_range_y": 3,
      "trainer_type": "TRAINER_TYPE_NONE",
      "trainer_sight_or_berry_tree_id": "0",
      "script": "Route104_MrBrineysHouse_EventScript_Peeko",
      "flag": "FLAG_HIDE_BRINEYS_HOUSE_PEEKO"
    }
  ],
  "warp_events": [
    {
      "x": 5,
      "y": 8,
      "elevation": 0,
      "dest_map": "MAP_ROUTE104",
      "dest_warp_id": "0"
    },
    {
      "x": 6,
      "y": 8,
      "elevation": 0,
      "dest_map": "MAP_ROUTE104",
      "dest_warp_id": "0"
    }
  ],
  "coord_events": [

  ],
  "bg_events": [

  ]
}
