{
  "id": "MAP_FORTREE_CITY_HOUSE2",
  "name": "FortreeCity_House2",
  "layout": "LAYOUT_FORTREE_CITY_HOUSE2",
  "music": "MUS_FORTREE",
  "region_map_section": "MAPSEC_FORTREE_CITY",
  "requires_flash": false,
  "weather": "WEATHER_NONE",
  "map_type": "MAP_TYPE_INDOOR",
  "allow_cycling": false,
  "allow_escaping": false,
  "allow_running": false,
  "show_map_name": false,
  "battle_scene": "MAP_BATTLE_SCENE_NORMAL",
  "connections": 0,
  "object_events": [
    {
      "graphics_id": "OBJ_EVENT_GFX_EXPERT_F",
      "x": 2,
      "y": 3,
      "elevation": 3,
      "movement_type": "MOVEMENT_TYPE_WANDER_LEFT_AND_RIGHT",
      "movement_range_x": 1,
      "movement_range_y": 0,
      "trainer_type": "TRAINER_TYPE_NONE",
      "trainer_sight_or_berry_tree_id": "0",
      "script": "FortreeCity_House2_EventScript_HiddenPowerGiver",
      "flag": "0"
    },
    {
      "graphics_id": "OBJ_EVENT_GFX_EXPERT_M",
      "x": 6,
      "y": 3,
      "elevation": 3,
      "movement_type": "MOVEMENT_TYPE_FACE_LEFT",
      "movement_range_x": 1,
      "movement_range_y": 0,
      "trainer_type": "TRAINER_TYPE_NONE",
      "trainer_sight_or_berry_tree_id": "0",
      "script": "FortreeCity_House2_EventScript_SleepTalkTutor",
      "flag": "0"
    }
  ],
  "warp_events": [
    {
      "x": 3,
      "y": 5,
      "elevation": 0,
      "dest_map": "MAP_FORTREE_CITY",
      "dest_warp_id": "4"
    },
    {
      "x": 4,
      "y": 5,
      "elevation": 0,
      "dest_map": "MAP_FORTREE_CITY",
      "dest_warp_id": "4"
    }
  ],
  "coord_events": [

  ],
  "bg_events": [

  ]
}
