{
  "id": "MAP_CAVE_OF_ORIGIN_UNUSED_RUBY_SAPPHIRE_MAP2",
  "name": "CaveOfOrigin_UnusedRubySapphireMap2",
  "layout": "LAYOUT_CAVE_OF_ORIGIN_UNUSED_RUBY_SAPPHIRE_MAP2",
  "music": "MUS_SEALED_CHAMBER",
  "region_map_section": "MAPSEC_GRANITE_CAVE",
  "requires_flash": true,
  "weather": "WEATHER_SHADE",
  "map_type": "MAP_TYPE_UNDERGROUND",
  "allow_cycling": true,
  "allow_escaping": true,
  "allow_running": true,
  "show_map_name": true,
  "battle_scene": "MAP_BATTLE_SCENE_NORMAL",
  "connections": 0,
  "object_events": [
    {
      "graphics_id": "OBJ_EVENT_GFX_MON_BASE+SPECIES_REGIGIGAS",
      "x": 30,
      "y": 31,
      "elevation": 0,
      "movement_type": "MOVEMENT_TYPE_NONE",
      "movement_range_x": 0,
      "movement_range_y": 0,
      "trainer_type": "TRAINER_TYPE_NONE",
      "trainer_sight_or_berry_tree_id": "0",
      "script": "CaveOfOrigin_UnusedRubySapphireMap2_EventScript_Regigigas",
      "flag": "FLAG_HIDE_REGIGIGAS"
    }
  ],
  "warp_events": [
    {
      "x": 21,
      "y": 9,
      "elevation": 0,
      "dest_map": "MAP_GRANITE_CAVE_B2F",
      "dest_warp_id": "5"
    },
    {
      "x": 22,
      "y": 5,
      "elevation": 0,
      "dest_map": "MAP_CAVE_OF_ORIGIN_UNUSED_RUBY_SAPPHIRE_MAP2",
      "dest_warp_id": "2"
    },
    {
      "x": 30,
      "y": 9,
      "elevation": 0,
      "dest_map": "MAP_CAVE_OF_ORIGIN_UNUSED_RUBY_SAPPHIRE_MAP2",
      "dest_warp_id": "1"
    },
    {
      "x": 34,
      "y": 7,
      "elevation": 0,
      "dest_map": "MAP_CAVE_OF_ORIGIN_UNUSED_RUBY_SAPPHIRE_MAP2",
      "dest_warp_id": "4"
    },
    {
      "x": 11,
      "y": 5,
      "elevation": 0,
      "dest_map": "MAP_CAVE_OF_ORIGIN_UNUSED_RUBY_SAPPHIRE_MAP2",
      "dest_warp_id": "3"
    },
    {
      "x": 6,
      "y": 6,
      "elevation": 0,
      "dest_map": "MAP_CAVE_OF_ORIGIN_UNUSED_RUBY_SAPPHIRE_MAP2",
      "dest_warp_id": "6"
    },
    {
      "x": 5,
      "y": 13,
      "elevation": 0,
      "dest_map": "MAP_CAVE_OF_ORIGIN_UNUSED_RUBY_SAPPHIRE_MAP2",
      "dest_warp_id": "5"
    },
    {
      "x": 9,
      "y": 12,
      "elevation": 0,
      "dest_map": "MAP_CAVE_OF_ORIGIN_UNUSED_RUBY_SAPPHIRE_MAP2",
      "dest_warp_id": "8"
    },
    {
      "x": 5,
      "y": 21,
      "elevation": 0,
      "dest_map": "MAP_CAVE_OF_ORIGIN_UNUSED_RUBY_SAPPHIRE_MAP2",
      "dest_warp_id": "7"
    },
    {
      "x": 8,
      "y": 20,
      "elevation": 0,
      "dest_map": "MAP_CAVE_OF_ORIGIN_UNUSED_RUBY_SAPPHIRE_MAP2",
      "dest_warp_id": "10"
    },
    {
      "x": 5,
      "y": 29,
      "elevation": 0,
      "dest_map": "MAP_CAVE_OF_ORIGIN_UNUSED_RUBY_SAPPHIRE_MAP2",
      "dest_warp_id": "9"
    },
    {
      "x": 7,
      "y": 28,
      "elevation": 0,
      "dest_map": "MAP_CAVE_OF_ORIGIN_UNUSED_RUBY_SAPPHIRE_MAP2",
      "dest_warp_id": "12"
    },
    {
      "x": 10,
      "y": 35,
      "elevation": 0,
      "dest_map": "MAP_CAVE_OF_ORIGIN_UNUSED_RUBY_SAPPHIRE_MAP2",
      "dest_warp_id": "11"
    },
    {
      "x": 11,
      "y": 34,
      "elevation": 0,
      "dest_map": "MAP_CAVE_OF_ORIGIN_UNUSED_RUBY_SAPPHIRE_MAP2",
      "dest_warp_id": "14"
    },
    {
      "x": 27,
      "y": 21,
      "elevation": 0,
      "dest_map": "MAP_CAVE_OF_ORIGIN_UNUSED_RUBY_SAPPHIRE_MAP2",
      "dest_warp_id": "13"
    }
  ],
  "coord_events": [

  ],
  "bg_events": [

  ]
}
