{
  "id": "MAP_ROUTE104_PROTOTYPE",
  "name": "Route104_Prototype",
  "layout": "LAYOUT_ROUTE104_PROTOTYPE",
  "music": "MUS_ROUTE104",
  "region_map_section": "MAPSEC_ROUTE_104",
  "requires_flash": false,
  "weather": "WEATHER_SUNNY",
  "map_type": "MAP_TYPE_ROUTE",
  "allow_cycling": false,
  "allow_escaping": false,
  "allow_running": false,
  "show_map_name": true,
  "battle_scene": "MAP_BATTLE_SCENE_NORMAL",
  "connections": 0,
  "object_events": [

  ],
  "warp_events": [

  ],
  "coord_events": [

  ],
  "bg_events": [

  ]
}
