{
  "id": "MAP_CAVE_OF_ORIGIN_1F",
  "name": "CaveOfOrigin_1F",
  "layout": "LAYOUT_CAVE_OF_ORIGIN_1F",
  "music": "MUS_CAVE_OF_ORIGIN",
  "region_map_section": "MAPSEC_CAVE_OF_ORIGIN",
  "requires_flash": false,
  "weather": "WEATHER_NONE",
  "map_type": "MAP_TYPE_UNDERGROUND",
  "allow_cycling": true,
  "allow_escaping": true,
  "allow_running": true,
  "show_map_name": true,
  "battle_scene": "MAP_BATTLE_SCENE_NORMAL",
  "connections": 0,
  "object_events": [

  ],
  "warp_events": [
    {
      "x": 11,
      "y": 17,
      "elevation": 3,
      "dest_map": "MAP_CAVE_OF_ORIGIN_ENTRANCE",
      "dest_warp_id": "1"
    },
    {
      "x": 14,
      "y": 5,
      "elevation": 3,
      "dest_map": "MAP_CAVE_OF_ORIGIN_B1F",
      "dest_warp_id": "0"
    }
  ],
  "coord_events": [

  ],
  "bg_events": [

  ]
}
