{
  "id": "MAP_EVER_GRANDE_CITY_POKEMON_CENTER_1F",
  "name": "EverGrandeCity_PokemonCenter_1F",
  "layout": "LAYOUT_POKEMON_CENTER_1F",
  "music": "MUS_POKE_CENTER",
  "region_map_section": "MAPSEC_EVER_GRANDE_CITY",
  "requires_flash": false,
  "weather": "WEATHER_NONE",
  "map_type": "MAP_TYPE_INDOOR",
  "allow_cycling": false,
  "allow_escaping": false,
  "allow_running": false,
  "show_map_name": false,
  "battle_scene": "MAP_BATTLE_SCENE_NORMAL",
  "connections": 0,
  "object_events": [
    {
      "graphics_id": "OBJ_EVENT_GFX_NURSE",
      "x": 7,
      "y": 2,
      "elevation": 3,
      "movement_type": "MOVEMENT_TYPE_FACE_DOWN",
      "movement_range_x": 0,
      "movement_range_y": 0,
      "trainer_type": "TRAINER_TYPE_NONE",
      "trainer_sight_or_berry_tree_id": "0",
      "script": "EverGrandeCity_PokemonCenter_1F_EventScript_Nurse",
      "flag": "0"
    },
    {
      "graphics_id": "OBJ_EVENT_GFX_WOMAN_5",
      "x": 5,
      "y": 5,
      "elevation": 3,
      "movement_type": "MOVEMENT_TYPE_FACE_DOWN",
      "movement_range_x": 0,
      "movement_range_y": 0,
      "trainer_type": "TRAINER_TYPE_NONE",
      "trainer_sight_or_berry_tree_id": "0",
      "script": "EverGrandeCity_PokemonCenter_1F_EventScript_Woman",
      "flag": "0"
    },
    {
      "graphics_id": "OBJ_EVENT_GFX_EXPERT_M",
      "x": 10,
      "y": 7,
      "elevation": 3,
      "movement_type": "MOVEMENT_TYPE_FACE_RIGHT",
      "movement_range_x": 0,
      "movement_range_y": 0,
      "trainer_type": "TRAINER_TYPE_NONE",
      "trainer_sight_or_berry_tree_id": "0",
      "script": "EverGrandeCity_PokemonCenter_1F_EventScript_ExpertM",
      "flag": "0"
    },
    {
      "graphics_id": "OBJ_EVENT_GFX_SCOTT",
      "x": 9,
      "y": 4,
      "elevation": 3,
      "movement_type": "MOVEMENT_TYPE_FACE_UP",
      "movement_range_x": 0,
      "movement_range_y": 0,
      "trainer_type": "TRAINER_TYPE_NONE",
      "trainer_sight_or_berry_tree_id": "0",
      "script": "EverGrandeCity_PokemonCenter_1F_EventScript_Scott",
      "flag": "FLAG_HIDE_EVER_GRANDE_POKEMON_CENTER_1F_SCOTT"
    }
  ],
  "warp_events": [
    {
      "x": 7,
      "y": 8,
      "elevation": 3,
      "dest_map": "MAP_EVER_GRANDE_CITY",
      "dest_warp_id": "1"
    },
    {
      "x": 6,
      "y": 8,
      "elevation": 3,
      "dest_map": "MAP_EVER_GRANDE_CITY",
      "dest_warp_id": "1"
    },
    {
      "x": 1,
      "y": 6,
      "elevation": 4,
      "dest_map": "MAP_EVER_GRANDE_CITY_POKEMON_CENTER_2F",
      "dest_warp_id": "0"
    }
  ],
  "coord_events": [

  ],
  "bg_events": [

  ]
}
