{
  "id": "MAP_LILYCOVE_CITY_LILYCOVE_MUSEUM_1F",
  "name": "LilycoveCity_LilycoveMuseum_1F",
  "layout": "LAYOUT_LILYCOVE_CITY_LILYCOVE_MUSEUM_1F",
  "music": "MUS_LILYCOVE_MUSEUM",
  "region_map_section": "MAPSEC_LILYCOVE_CITY",
  "requires_flash": false,
  "weather": "WEATHER_NONE",
  "map_type": "MAP_TYPE_INDOOR",
  "allow_cycling": false,
  "allow_escaping": false,
  "allow_running": false,
  "show_map_name": false,
  "battle_scene": "MAP_BATTLE_SCENE_NORMAL",
  "connections": 0,
  "object_events": [
    {
      "graphics_id": "OBJ_EVENT_GFX_BEAUTY",
      "x": 5,
      "y": 12,
      "elevation": 3,
      "movement_type": "MOVEMENT_TYPE_FACE_RIGHT",
      "movement_range_x": 0,
      "movement_range_y": 0,
      "trainer_type": "TRAINER_TYPE_NONE",
      "trainer_sight_or_berry_tree_id": "0",
      "script": "LilycoveCity_LilycoveMuseum_1F_EventScript_Greeter",
      "flag": "0"
    },
    {
      "graphics_id": "OBJ_EVENT_GFX_GENTLEMAN",
      "x": 16,
      "y": 2,
      "elevation": 3,
      "movement_type": "MOVEMENT_TYPE_FACE_DOWN",
      "movement_range_x": 0,
      "movement_range_y": 0,
      "trainer_type": "TRAINER_TYPE_NONE",
      "trainer_sight_or_berry_tree_id": "0",
      "script": "LilycoveCity_LilycoveMuseum_1F_EventScript_Curator",
      "flag": "FLAG_HIDE_LILYCOVE_MUSEUM_CURATOR"
    },
    {
      "graphics_id": "OBJ_EVENT_GFX_SCHOOL_KID_M",
      "x": 13,
      "y": 7,
      "elevation": 3,
      "movement_type": "MOVEMENT_TYPE_FACE_RIGHT",
      "movement_range_x": 0,
      "movement_range_y": 0,
      "trainer_type": "TRAINER_TYPE_NONE",
      "trainer_sight_or_berry_tree_id": "0",
      "script": "LilycoveCity_LilycoveMuseum_1F_EventScript_SchoolKidM",
      "flag": "0"
    },
    {
      "graphics_id": "OBJ_EVENT_GFX_ARTIST",
      "x": 13,
      "y": 10,
      "elevation": 3,
      "movement_type": "MOVEMENT_TYPE_WANDER_LEFT_AND_RIGHT",
      "movement_range_x": 2,
      "movement_range_y": 0,
      "trainer_type": "TRAINER_TYPE_NONE",
      "trainer_sight_or_berry_tree_id": "0",
      "script": "LilycoveCity_LilycoveMuseum_1F_EventScript_Artist1",
      "flag": "0"
    },
    {
      "graphics_id": "OBJ_EVENT_GFX_NINJA_BOY",
      "x": 2,
      "y": 8,
      "elevation": 3,
      "movement_type": "MOVEMENT_TYPE_FACE_UP",
      "movement_range_x": 0,
      "movement_range_y": 0,
      "trainer_type": "TRAINER_TYPE_NONE",
      "trainer_sight_or_berry_tree_id": "0",
      "script": "LilycoveCity_LilycoveMuseum_1F_EventScript_NinjaBoy",
      "flag": "0"
    },
    {
      "graphics_id": "OBJ_EVENT_GFX_WOMAN_4",
      "x": 3,
      "y": 8,
      "elevation": 3,
      "movement_type": "MOVEMENT_TYPE_FACE_UP",
      "movement_range_x": 0,
      "movement_range_y": 0,
      "trainer_type": "TRAINER_TYPE_NONE",
      "trainer_sight_or_berry_tree_id": "0",
      "script": "LilycoveCity_LilycoveMuseum_1F_EventScript_Woman1",
      "flag": "0"
    },
    {
      "graphics_id": "OBJ_EVENT_GFX_WOMAN_2",
      "x": 11,
      "y": 3,
      "elevation": 3,
      "movement_type": "MOVEMENT_TYPE_WANDER_AROUND",
      "movement_range_x": 1,
      "movement_range_y": 1,
      "trainer_type": "TRAINER_TYPE_NONE",
      "trainer_sight_or_berry_tree_id": "0",
      "script": "LilycoveCity_LilycoveMuseum_1F_EventScript_Woman2",
      "flag": "FLAG_HIDE_LILYCOVE_MUSEUM_PATRON_1"
    },
    {
      "graphics_id": "OBJ_EVENT_GFX_ARTIST",
      "x": 19,
      "y": 3,
      "elevation": 3,
      "movement_type": "MOVEMENT_TYPE_FACE_UP",
      "movement_range_x": 0,
      "movement_range_y": 0,
      "trainer_type": "TRAINER_TYPE_NONE",
      "trainer_sight_or_berry_tree_id": "0",
      "script": "LilycoveCity_LilycoveMuseum_1F_EventScript_Artist2",
      "flag": "FLAG_HIDE_LILYCOVE_MUSEUM_PATRON_4"
    },
    {
      "graphics_id": "OBJ_EVENT_GFX_FAT_MAN",
      "x": 2,
      "y": 2,
      "elevation": 3,
      "movement_type": "MOVEMENT_TYPE_WANDER_AROUND",
      "movement_range_x": 2,
      "movement_range_y": 2,
      "trainer_type": "TRAINER_TYPE_NONE",
      "trainer_sight_or_berry_tree_id": "0",
      "script": "LilycoveCity_LilycoveMuseum_1F_EventScript_FatMan",
      "flag": "FLAG_HIDE_LILYCOVE_MUSEUM_TOURISTS"
    },
    {
      "graphics_id": "OBJ_EVENT_GFX_PSYCHIC_M",
      "x": 6,
      "y": 2,
      "elevation": 3,
      "movement_type": "MOVEMENT_TYPE_WANDER_AROUND",
      "movement_range_x": 1,
      "movement_range_y": 1,
      "trainer_type": "TRAINER_TYPE_NONE",
      "trainer_sight_or_berry_tree_id": "0",
      "script": "LilycoveCity_LilycoveMuseum_1F_EventScript_PsychicM",
      "flag": "FLAG_HIDE_LILYCOVE_MUSEUM_PATRON_3"
    }
  ],
  "warp_events": [
    {
      "x": 9,
      "y": 13,
      "elevation": 0,
      "dest_map": "MAP_LILYCOVE_CITY",
      "dest_warp_id": "3"
    },
    {
      "x": 10,
      "y": 13,
      "elevation": 0,
      "dest_map": "MAP_LILYCOVE_CITY",
      "dest_warp_id": "13"
    },
    {
      "x": 16,
      "y": 1,
      "elevation": 0,
      "dest_map": "MAP_LILYCOVE_CITY_LILYCOVE_MUSEUM_2F",
      "dest_warp_id": "0"
    }
  ],
  "coord_events": [

  ],
  "bg_events": [
    {
      "type": "sign",
      "x": 1,
      "y": 1,
      "elevation": 0,
      "player_facing_dir": "BG_EVENT_PLAYER_FACING_ANY",
      "script": "LilycoveCity_LilycoveMuseum_1F_EventScript_FantasyPainting"
    },
    {
      "type": "sign",
      "x": 2,
      "y": 1,
      "elevation": 0,
      "player_facing_dir": "BG_EVENT_PLAYER_FACING_ANY",
      "script": "LilycoveCity_LilycoveMuseum_1F_EventScript_FantasyPainting"
    },
    {
      "type": "sign",
      "x": 5,
      "y": 1,
      "elevation": 0,
      "player_facing_dir": "BG_EVENT_PLAYER_FACING_ANY",
      "script": "LilycoveCity_LilycoveMuseum_1F_EventScript_BerryPainting"
    },
    {
      "type": "sign",
      "x": 6,
      "y": 1,
      "elevation": 0,
      "player_facing_dir": "BG_EVENT_PLAYER_FACING_ANY",
      "script": "LilycoveCity_LilycoveMuseum_1F_EventScript_BerryPainting"
    },
    {
      "type": "sign",
      "x": 9,
      "y": 1,
      "elevation": 0,
      "player_facing_dir": "BG_EVENT_PLAYER_FACING_ANY",
      "script": "LilycoveCity_LilycoveMuseum_1F_EventScript_OldPainting"
    },
    {
      "type": "sign",
      "x": 3,
      "y": 6,
      "elevation": 0,
      "player_facing_dir": "BG_EVENT_PLAYER_FACING_ANY",
      "script": "LilycoveCity_LilycoveMuseum_1F_EventScript_WomanPainting"
    },
    {
      "type": "sign",
      "x": 2,
      "y": 6,
      "elevation": 0,
      "player_facing_dir": "BG_EVENT_PLAYER_FACING_ANY",
      "script": "LilycoveCity_LilycoveMuseum_1F_EventScript_WomanPainting"
    },
    {
      "type": "sign",
      "x": 15,
      "y": 12,
      "elevation": 0,
      "player_facing_dir": "BG_EVENT_PLAYER_FACING_ANY",
      "script": "LilycoveCity_LilycoveMuseum_EventScript_BirdSculpture"
    },
    {
      "type": "sign",
      "x": 11,
      "y": 1,
      "elevation": 0,
      "player_facing_dir": "BG_EVENT_PLAYER_FACING_ANY",
      "script": "LilycoveCity_LilycoveMuseum_1F_EventScript_OldPainting"
    },
    {
      "type": "sign",
      "x": 6,
      "y": 6,
      "elevation": 0,
      "player_facing_dir": "BG_EVENT_PLAYER_FACING_ANY",
      "script": "LilycoveCity_LilycoveMuseum_1F_EventScript_GrassPokemonPainting"
    },
    {
      "type": "sign",
      "x": 17,
      "y": 9,
      "elevation": 0,
      "player_facing_dir": "BG_EVENT_PLAYER_FACING_ANY",
      "script": "LilycoveCity_LilycoveMuseum_1F_EventScript_StoneTablet"
    },
    {
      "type": "sign",
      "x": 19,
      "y": 1,
      "elevation": 0,
      "player_facing_dir": "BG_EVENT_PLAYER_FACING_ANY",
      "script": "LilycoveCity_LilycoveMuseum_1F_EventScript_LegendaryPokemonPainting"
    },
    {
      "type": "sign",
      "x": 20,
      "y": 1,
      "elevation": 0,
      "player_facing_dir": "BG_EVENT_PLAYER_FACING_ANY",
      "script": "LilycoveCity_LilycoveMuseum_1F_EventScript_LegendaryPokemonPainting"
    },
    {
      "type": "sign",
      "x": 18,
      "y": 9,
      "elevation": 0,
      "player_facing_dir": "BG_EVENT_PLAYER_FACING_ANY",
      "script": "LilycoveCity_LilycoveMuseum_1F_EventScript_StoneTablet"
    },
    {
      "type": "sign",
      "x": 18,
      "y": 11,
      "elevation": 0,
      "player_facing_dir": "BG_EVENT_PLAYER_FACING_ANY",
      "script": "LilycoveCity_LilycoveMuseum_1F_EventScript_PokeBallSculpture"
    },
    {
      "type": "sign",
      "x": 16,
      "y": 9,
      "elevation": 0,
      "player_facing_dir": "BG_EVENT_PLAYER_FACING_ANY",
      "script": "LilycoveCity_LilycoveMuseum_1F_EventScript_StoneTablet"
    }
  ]
}
