{
  "id": "MAP_OLDALE_TOWN",
  "name": "OldaleTown",
  "layout": "LAYOUT_OLDALE_TOWN",
  "music": "MUS_OLDALE",
  "region_map_section": "MAPSEC_OLDALE_TOWN",
  "requires_flash": false,
  "weather": "WEATHER_SUNNY",
  "map_type": "MAP_TYPE_TOWN",
  "allow_cycling": true,
  "allow_escaping": false,
  "allow_running": true,
  "show_map_name": true,
  "battle_scene": "MAP_BATTLE_SCENE_NORMAL",
  "connections": [
    {
      "map": "MAP_ROUTE103",
      "offset": 0,
      "direction": "up"
    },
    {
      "map": "MAP_ROUTE101",
      "offset": 0,
      "direction": "down"
    },
    {
      "map": "MAP_ROUTE102",
      "offset": 0,
      "direction": "left"
    }
  ],
  "object_events": [
    {
      "graphics_id": "OBJ_EVENT_GFX_GIRL_3",
      "x": 16,
      "y": 11,
      "elevation": 3,
      "movement_type": "MOVEMENT_TYPE_FACE_LEFT",
      "movement_range_x": 0,
      "movement_range_y": 0,
      "trainer_type": "TRAINER_TYPE_NONE",
      "trainer_sight_or_berry_tree_id": "0",
      "script": "OldaleTown_EventScript_Girl",
      "flag": "0"
    },
    {
      "graphics_id": "OBJ_EVENT_GFX_MART_EMPLOYEE",
      "x": 13,
      "y": 7,
      "elevation": 3,
      "movement_type": "MOVEMENT_TYPE_FACE_DOWN",
      "movement_range_x": 0,
      "movement_range_y": 0,
      "trainer_type": "TRAINER_TYPE_NONE",
      "trainer_sight_or_berry_tree_id": "0",
      "script": "OldaleTown_EventScript_MartEmployee",
      "flag": "0"
    },
    {
      "graphics_id": "OBJ_EVENT_GFX_MANIAC",
      "x": 8,
      "y": 9,
      "elevation": 3,
      "movement_type": "MOVEMENT_TYPE_FACE_RIGHT",
      "movement_range_x": 0,
      "movement_range_y": 0,
      "trainer_type": "TRAINER_TYPE_NONE",
      "trainer_sight_or_berry_tree_id": "0",
      "script": "OldaleTown_EventScript_FootprintsMan",
      "flag": "0"
    },
    {
      "graphics_id": "OBJ_EVENT_GFX_VAR_0",
      "x": 11,
      "y": 19,
      "elevation": 3,
      "movement_type": "MOVEMENT_TYPE_FACE_UP",
      "movement_range_x": 1,
      "movement_range_y": 1,
      "trainer_type": "TRAINER_TYPE_NONE",
      "trainer_sight_or_berry_tree_id": "0",
      "script": "OldaleTown_EventScript_Rival",
      "flag": "FLAG_HIDE_OLDALE_TOWN_RIVAL"
    },
    {
      "graphics_id": "OBJ_EVENT_GFX_LIGHT_SPRITE",
      "x": 8,
      "y": 16,
      "elevation": 0,
      "movement_type": "MOVEMENT_TYPE_NONE",
      "movement_range_x": 0,
      "movement_range_y": 0,
      "trainer_type": "TRAINER_TYPE_NONE",
      "trainer_sight_or_berry_tree_id": "1",
      "script": "NULL",
      "flag": "0"
    },
    {
      "graphics_id": "OBJ_EVENT_GFX_LIGHT_SPRITE",
      "x": 16,
      "y": 6,
      "elevation": 0,
      "movement_type": "MOVEMENT_TYPE_NONE",
      "movement_range_x": 0,
      "movement_range_y": 0,
      "trainer_type": "TRAINER_TYPE_NONE",
      "trainer_sight_or_berry_tree_id": "2",
      "script": "NULL",
      "flag": "0"
    },
    {
      "graphics_id": "OBJ_EVENT_GFX_GIRL_2",
      "x": 19,
      "y": 8,
      "elevation": 0,
      "movement_type": "MOVEMENT_TYPE_FACE_DOWN",
      "movement_range_x": 0,
      "movement_range_y": 0,
      "trainer_type": "TRAINER_TYPE_NONE",
      "trainer_sight_or_berry_tree_id": "0",
      "script": "OldaleTown_EventScript_InfiniteItems1",
      "flag": "FLAG_INFINITE_STUFF_GIRL"
    }
  ],
  "warp_events": [
    {
      "x": 5,
      "y": 7,
      "elevation": 0,
      "dest_map": "MAP_OLDALE_TOWN_HOUSE1",
      "dest_warp_id": "0"
    },
    {
      "x": 15,
      "y": 16,
      "elevation": 0,
      "dest_map": "MAP_OLDALE_TOWN_HOUSE2",
      "dest_warp_id": "0"
    },
    {
      "x": 6,
      "y": 16,
      "elevation": 0,
      "dest_map": "MAP_OLDALE_TOWN_POKEMON_CENTER_1F",
      "dest_warp_id": "0"
    },
    {
      "x": 14,
      "y": 6,
      "elevation": 0,
      "dest_map": "MAP_OLDALE_TOWN_MART",
      "dest_warp_id": "0"
    }
  ],
  "coord_events": [
    {
      "type": "trigger",
      "x": 0,
      "y": 10,
      "elevation": 3,
      "var": "VAR_OLDALE_TOWN_STATE",
      "var_value": "0",
      "script": "OldaleTown_EventScript_BlockedPath"
    },
    {
      "type": "trigger",
      "x": 8,
      "y": 19,
      "elevation": 3,
      "var": "VAR_OLDALE_RIVAL_STATE",
      "var_value": "1",
      "script": "OldaleTown_EventScript_RivalTrigger1"
    },
    {
      "type": "trigger",
      "x": 9,
      "y": 19,
      "elevation": 3,
      "var": "VAR_OLDALE_RIVAL_STATE",
      "var_value": "1",
      "script": "OldaleTown_EventScript_RivalTrigger2"
    },
    {
      "type": "trigger",
      "x": 10,
      "y": 19,
      "elevation": 3,
      "var": "VAR_OLDALE_RIVAL_STATE",
      "var_value": "1",
      "script": "OldaleTown_EventScript_RivalTrigger3"
    }
  ],
  "bg_events": [
    {
      "type": "sign",
      "x": 11,
      "y": 9,
      "elevation": 0,
      "player_facing_dir": "BG_EVENT_PLAYER_FACING_ANY",
      "script": "OldaleTown_EventScript_TownSign"
    },
    {
      "type": "sign",
      "x": 7,
      "y": 16,
      "elevation": 0,
      "player_facing_dir": "BG_EVENT_PLAYER_FACING_NORTH",
      "script": "Common_EventScript_ShowPokemonCenterSign"
    },
    {
      "type": "sign",
      "x": 15,
      "y": 6,
      "elevation": 0,
      "player_facing_dir": "BG_EVENT_PLAYER_FACING_NORTH",
      "script": "Common_EventScript_ShowPokemartSign"
    },
    {
      "type": "sign",
      "x": 8,
      "y": 16,
      "elevation": 0,
      "player_facing_dir": "BG_EVENT_PLAYER_FACING_NORTH",
      "script": "Common_EventScript_ShowPokemonCenterSign"
    },
    {
      "type": "sign",
      "x": 16,
      "y": 6,
      "elevation": 0,
      "player_facing_dir": "BG_EVENT_PLAYER_FACING_NORTH",
      "script": "Common_EventScript_ShowPokemartSign"
    }
  ]
}
