{
  "id": "MAP_RUSTBORO_CITY_POKEMON_SCHOOL",
  "name": "RustboroCity_PokemonSchool",
  "layout": "LAYOUT_RUSTBORO_CITY_POKEMON_SCHOOL",
  "music": "MUS_SCHOOL",
  "region_map_section": "MAPSEC_RUSTBORO_CITY",
  "requires_flash": false,
  "weather": "WEATHER_NONE",
  "map_type": "MAP_TYPE_INDOOR",
  "allow_cycling": false,
  "allow_escaping": false,
  "allow_running": false,
  "show_map_name": false,
  "battle_scene": "MAP_BATTLE_SCENE_NORMAL",
  "connections": 0,
  "object_events": [
    {
      "graphics_id": "OBJ_EVENT_GFX_GAMEBOY_KID",
      "x": 8,
      "y": 6,
      "elevation": 3,
      "movement_type": "MOVEMENT_TYPE_FACE_RIGHT",
      "movement_range_x": 0,
      "movement_range_y": 0,
      "trainer_type": "TRAINER_TYPE_NONE",
      "trainer_sight_or_berry_tree_id": "0",
      "script": "RustboroCity_PokemonSchool_EventScript_GameboyKid1",
      "flag": "0"
    },
    {
      "graphics_id": "OBJ_EVENT_GFX_GAMEBOY_KID",
      "x": 9,
      "y": 6,
      "elevation": 3,
      "movement_type": "MOVEMENT_TYPE_FACE_LEFT",
      "movement_range_x": 0,
      "movement_range_y": 0,
      "trainer_type": "TRAINER_TYPE_NONE",
      "trainer_sight_or_berry_tree_id": "0",
      "script": "RustboroCity_PokemonSchool_EventScript_GameboyKid2",
      "flag": "0"
    },
    {
      "graphics_id": "OBJ_EVENT_GFX_RICH_BOY",
      "x": 3,
      "y": 8,
      "elevation": 3,
      "movement_type": "MOVEMENT_TYPE_FACE_UP",
      "movement_range_x": 0,
      "movement_range_y": 0,
      "trainer_type": "TRAINER_TYPE_NONE",
      "trainer_sight_or_berry_tree_id": "0",
      "script": "RustboroCity_PokemonSchool_EventScript_RichBoy",
      "flag": "0"
    },
    {
      "graphics_id": "OBJ_EVENT_GFX_LASS",
      "x": 10,
      "y": 8,
      "elevation": 3,
      "movement_type": "MOVEMENT_TYPE_FACE_UP",
      "movement_range_x": 0,
      "movement_range_y": 0,
      "trainer_type": "TRAINER_TYPE_NONE",
      "trainer_sight_or_berry_tree_id": "0",
      "script": "RustboroCity_PokemonSchool_EventScript_Lass",
      "flag": "0"
    },
    {
      "graphics_id": "OBJ_EVENT_GFX_SCHOOL_KID_M",
      "x": 3,
      "y": 6,
      "elevation": 3,
      "movement_type": "MOVEMENT_TYPE_FACE_DOWN",
      "movement_range_x": 0,
      "movement_range_y": 0,
      "trainer_type": "TRAINER_TYPE_NONE",
      "trainer_sight_or_berry_tree_id": "0",
      "script": "RustboroCity_PokemonSchool_EventScript_SchoolKidM",
      "flag": "0"
    },
    {
      "graphics_id": "OBJ_EVENT_GFX_GENTLEMAN",
      "x": 5,
      "y": 3,
      "elevation": 3,
      "movement_type": "MOVEMENT_TYPE_FACE_DOWN",
      "movement_range_x": 1,
      "movement_range_y": 1,
      "trainer_type": "TRAINER_TYPE_NONE",
      "trainer_sight_or_berry_tree_id": "0",
      "script": "RustboroCity_PokemonSchool_EventScript_Teacher",
      "flag": "0"
    },
    {
      "graphics_id": "OBJ_EVENT_GFX_SCOTT",
      "x": 0,
      "y": 10,
      "elevation": 0,
      "movement_type": "MOVEMENT_TYPE_FACE_UP",
      "movement_range_x": 1,
      "movement_range_y": 1,
      "trainer_type": "TRAINER_TYPE_NONE",
      "trainer_sight_or_berry_tree_id": "0",
      "script": "RustboroCity_PokemonSchool_EventScript_Scott",
      "flag": "FLAG_HIDE_RUSTBORO_CITY_POKEMON_SCHOOL_SCOTT"
    }
  ],
  "warp_events": [
    {
      "x": 5,
      "y": 10,
      "elevation": 0,
      "dest_map": "MAP_RUSTBORO_CITY",
      "dest_warp_id": "4"
    },
    {
      "x": 6,
      "y": 10,
      "elevation": 0,
      "dest_map": "MAP_RUSTBORO_CITY",
      "dest_warp_id": "4"
    }
  ],
  "coord_events": [

  ],
  "bg_events": [
    {
      "type": "sign",
      "x": 5,
      "y": 2,
      "elevation": 0,
      "player_facing_dir": "BG_EVENT_PLAYER_FACING_ANY",
      "script": "RustboroCity_PokemonSchool_EventScript_Blackboard"
    },
    {
      "type": "sign",
      "x": 4,
      "y": 2,
      "elevation": 0,
      "player_facing_dir": "BG_EVENT_PLAYER_FACING_ANY",
      "script": "RustboroCity_PokemonSchool_EventScript_Blackboard"
    },
    {
      "type": "sign",
      "x": 6,
      "y": 2,
      "elevation": 0,
      "player_facing_dir": "BG_EVENT_PLAYER_FACING_ANY",
      "script": "RustboroCity_PokemonSchool_EventScript_Blackboard"
    },
    {
      "type": "sign",
      "x": 7,
      "y": 2,
      "elevation": 0,
      "player_facing_dir": "BG_EVENT_PLAYER_FACING_ANY",
      "script": "RustboroCity_PokemonSchool_EventScript_Blackboard"
    },
    {
      "type": "sign",
      "x": 3,
      "y": 5,
      "elevation": 0,
      "player_facing_dir": "BG_EVENT_PLAYER_FACING_ANY",
      "script": "RustboroCity_PokemonSchool_EventScript_StudentNotebook"
    }
  ]
}
